"customer_name","purchases"
"William Brown",37
"John Lee",34
"Matt Abelman",34
"Paul Prost",34
"Chloris Kastensmidt",32
"Jonathan Doherty",32
"Edward Hooks",32
"Seth Vernon",32
"Zuschuss Carroll",31
"Arthur Prichep",31
"Emily Phan",31
"Lena Cacioppo",30
"Greg Tran",29
"Ken Lonsdale",29
"Sally Hughsby",29
"Dean percer",29
"Brian Moss",29
"Chris Selesnick",28
"Kunst Miller",28
"Xylona Preis",28
"Clay Ludtke",28
"Keith Dawkins",28
"Ben Ferrer",27
"Damala Kotsonis",27
"Cassandra Brandow",26
"Noel Staavos",26
"Steven Cartwright",26
"Patrick Gardner",26
"Laura Armstrong",26
"Resi Pölking",25
"Adam Shillingsburg",25
"Pete Kriz",25
"Stewart Visinsky",25
"Erin Ashbrook",25
"Clytie Kelty",25
"Greg Guthrie",24
"Sanjit Jacobs",24
"Maribeth Schnelling",24
"Rob Lucas",24
"Dan Reichenbach",24
"Sung Pak",24
"Brosina Hoffman",24
"Stefania Perrino",24
"Laurel Beltran",24
"Joseph Airdo",24
"Rick Wilson",23
"Joel Eaton",23
"Lena Creighton",23
"Anna Häberlin",23
"Dennis Kane",23
"Keith Herrera",23
"Rick Bensley",23
"Dave Hallsten",23
"Ken Black",23
"Guy Armstrong",22
"Maria Etezadi",22
"Sanjit Chand",22
"Kelly Lampkin",22
"Natalie Webber",22
"Karl Braun",22
"Russell Applegate",22
"Mick Hernandez",22
"Suzanne McNair",22
"Patrick O'Brill",22
"Joe Elijah",22
"Anne McFarland",22
"Lindsay Shagiari",22
"Chris Cortes",22
"Carlos Soltero",22
"Christine Sundaresam",22
"Ruben Dartt",21
"Dean Braden",21
"Irene Maddox",21
"Stewart Carmichael",21
"Arthur Gainer",21
"Anthony Johnson",21
"Barry Französisch",21
"Muhammed Yedwab",21
"Saphhira Shifley",21
"Frank Hawley",21
"Pamela Stobb",21
"Shirley Daniels",21
"Naresj Patel",21
"Andrew Gjertsen",21
"Eugene Moren",21
"Sue Ann Reed",21
"Darrin Martin",20
"Helen Wasserman",20
"Brenda Bowman",20
"Erin Smith",20
"Shahid Collister",20
"Edward Becker",20
"Katherine Murray",20
"Adrian Barton",20
"Brian Thompson",20
"Roger Demir",20
"Harry Marie",20
"Frank Merwin",20
"Tracy Blumstein",20
"Bart Pistole",20
"Caroline Jumper",20
"Nick Zandusky",20
"David Smith",20
"Sam Zeldin",20
"Joe Kamberova",20
"Marina Lichtenstein",20
"Jim Epp",20
"George Bell",20
"Michael Paige",20
"Adam Hart",20
"Brian Dahlen",20
"Cynthia Voltz",19
"Anne Pryor",19
"Justin MacKendrick",19
"Steve Nguyen",19
"Chuck Clark",19
"Tamara Manning",19
"Thomas Seio",19
"Darrin Sayre",19
"Rob Dowd",19
"Janet Martin",19
"Dean Katz",19
"Herbert Flentye",19
"Mick Crebagga",19
"Maxwell Schwartz",19
"Michelle Moray",19
"Jamie Frazer",19
"Logan Currie",19
"Peter Fuller",19
"Mike Pelletier",19
"Tim Brockman",19
"Claudia Bergmann",19
"Maria Bertelson",19
"Kalyca Meade",19
"Logan Haushalter",19
"Bill Donatelli",19
"Sanjit Engle",19
"Eugene Hildebrand",18
"Victoria Wilson",18
"Katharine Harms",18
"Carol Triggs",18
"Helen Andreada",18
"Natalie DeCherney",18
"Matt Connell",18
"Stephanie Ulpright",18
"Ben Peterman",18
"Anna Andreadi",18
"Raymond Buch",18
"Scott Cohen",18
"Arianne Irving",18
"Dan Campbell",18
"James Galang",18
"Philisse Overcash",18
"Becky Castell",18
"Ross Baird",18
"Ann Chong",18
"Joy Smith",18
"Adam Bellavance",18
"Karen Ferguson",18
"Ted Butterfield",18
"Justin Deggeller",17
"Sam Craven",17
"Julie Kriz",17
"Paul Gonzalez",17
"Matt Collister",17
"Gary Hansen",17
"Ken Heidel",17
"Delfina Latchford",17
"Theresa Swint",17
"Darren Powers",17
"Frank Atkinson",17
"Sean Braxton",17
"Bradley Nguyen",17
"Eric Hoffmann",17
"Maribeth Dona",17
"Christina Anderson",17
"Michael Kennedy",17
"Jeremy Lonsdale",17
"Tom Boeckenhauer",17
"Katherine Nockton",17
"Jay Kimmel",17
"Nona Balk",17
"Henry Goldwyn",17
"Cynthia Arntzen",17
"Bart Watters",17
"Nat Carroll",17
"Ralph Arnett",17
"Sylvia Foulston",17
"John Castell",16
"Toby Carlisle",16
"Luke Foster",16
"Adrian Hane",16
"Rob Williams",16
"Randy Ferguson",16
"Ross DeVincentis",16
"Tamara Dahlen",16
"Jennifer Braxton",16
"Theone Pippenger",16
"Berenike Kampe",16
"Beth Paige",16
"Jill Fjeld",16
"Nat Gilpin",16
"Jeremy Pistek",16
"Annie Thurman",16
"Michael Moore",16
"Valerie Dominguez",16
"Jay Fein",16
"Lena Radford",16
"Giulietta Baptist",16
"Elizabeth Moffitt",16
"Becky Martin",16
"Arthur Wiediger",16
"Art Ferguson",16
"Karen Daniels",16
"Richard Bierner",16
"Todd Sumrall",15
"Liz Preis",15
"Kristen Hastings",15
"Stephanie Phelps",15
"Dianna Vittorini",15
"Kristina Nunn",15
"Maurice Satty",15
"Ruben Ausman",15
"Cynthia Delaney",15
"Jeremy Farry",15
"Thomas Thornton",15
"Robert Waldorf",15
"Luke Weiss",15
"Nick Crebassa",15
"Laurel Workman",15
"Neola Schneider",15
"Neoma Murray",15
"Lena Hernandez",15
"Max Jones",15
"Allen Armold",15
"Sarah Foster",15
"Katrina Edelman",15
"Dana Kaydos",15
"Frank Olsen",15
"Anthony Jacobs",15
"Skye Norling",15
"Trudy Brown",15
"Heather Kirkland",15
"Sean Miller",15
"Rick Duston",15
"Odella Nelson",15
"Shahid Hopkins",15
"Sample Company A",15
"Sung Shariari",15
"Roy Phan",15
"Sean O'Donnell",15
"Christine Phan",15
"Filia McAdams",15
"Maris LaWare",15
"Mark Van Huff",15
"Anna Gayman",15
"Jennifer Patt",15
"Liz Thompson",14
"Dorothy Badders",14
"Nathan Cano",14
"Dave Poirier",14
"Christopher Schild",14
"Jennifer Ferguson",14
"Michael Chen",14
"Alejandro Ballentine",14
"Mitch Webber",14
"Fred McMath",14
"Gary Zandusky",14
"Fred Harton",14
"Mark Packer",14
"Dan Lawera",14
"Frank Preis",14
"Daniel Lacy",14
"Darren Budd",14
"Denny Blanton",14
"Emily Ducich",14
"Luke Schmidt",14
"Linda Southworth",14
"Cathy Prescott",14
"Jason Fortune-",14
"Ivan Liston",14
"Victoria Pisteka",14
"Ted Trevino",14
"Dennis Pardue",14
"Craig Carreira",14
"Natalie Fritzler",14
"Nathan Mautz",14
"Matthew Grinstein",14
"Jane Waco",14
"Susan Pistek",14
"Katherine Hughes",14
"Grace Kelly",14
"David Bremer",14
"Alan Barnes",14
"Bryan Mills",14
"Trudy Schmidt",14
"Roland Fjeld",14
"Tony Sayre",14
"Harold Ryan",14
"Kean Takahito",14
"Sheri Gordon",14
"Linda Cazamias",14
"Bruce Stewart",14
"Benjamin Venier",14
"Tonja Turnell",14
"Roland Schwarz",14
"Cyma Kinney",14
"Frank Carlisle",14
"Alejandro Grove",14
"George Ashbrook",14
"Joseph Holt",14
"Steve Chapman",14
"Deborah Brumfield",13
"Denny Ordway",13
"Nick Radford",13
"Pauline Webber",13
"Nora Preis",13
"Michael Granlund",13
"Todd Boyes",13
"Alan Hwang",13
"Maribeth Yedwab",13
"Hallie Redmond",13
"Penelope Sewall",13
"Jeremy Ellison",13
"Don Jones",13
"Cindy Chapman",13
"Ken Dana",13
"Parhena Norris",13
"Anthony Rawles",13
"Paul Stevenson",13
"Quincy Jones",13
"Daniel Raglin",13
"Brad Eason",13
"Gene McClure",13
"Craig Molinari",13
"Bill Stewart",13
"Speros Goranitis",13
"Barbara Fisher",13
"Patrick Jones",13
"Dave Kipp",13
"Jack O'Briant",13
"Christina VanderZanden",13
"Max Ludwig",13
"Patrick O'Donnell",13
"Tiffany House",13
"Jamie Kunitz",13
"Alan Schoenberger",13
"John Murray",13
"Marc Crier",13
"Tracy Hopkins",13
"Christina DeMoss",13
"Marc Harrigan",13
"Fred Hopkins",13
"Paul Van Hugh",13
"Julie Prescott",13
"Susan Vittorini",13
"Max Engle",13
"Janet Molinari",13
"Alan Shonely",13
"Denise Monton",13
"Chad Cunningham",13
"Dave Brooks",13
"Kean Thornton",13
"Jim Kriz",12
"Lynn Smith",12
"Annie Zypern",12
"Michelle Arnett",12
"Jack Lebron",12
"Tamara Chand",12
"Rachel Payne",12
"Sarah Brown",12
"Lauren Leatherbury",12
"Corey Catlett",12
"Gary Mitchum",12
"Patrick Ryan",12
"Yana Sorensen",12
"Daniel Byrd",12
"Christy Brittain",12
"Tamara Willingham",12
"Tanja Norvell",12
"Lisa Ryan",12
"Jim Karlsson",12
"Dionis Lloyd",12
"Andrew Allen",12
"Steven Roelle",12
"Barry Gonzalez",12
"Muhammed MacIntyre",12
"Pierre Wener",12
"Alice McCarthy",12
"Sean Christensen",12
"Rose O'Brian",12
"Bill Overfelt",12
"Ann Steele",12
"Shahid Shariari",12
"Nicole Fjeld",12
"Monica Federle",12
"Valerie Mitchum",12
"Toby Swindell",12
"Alan Dominguez",12
"Christine Kargatis",12
"Aimee Bixby",12
"Ed Braxton",12
"Shui Tom",12
"Craig Carroll",12
"Jim Mitchum",12
"Rick Huthwaite",12
"Troy Staebel",11
"Sandra Glassco",11
"Charles Crestani",11
"Becky Pak",11
"Neil Knudson",11
"Philip Brown",11
"Ryan Crowe",11
"Aaron Hawkins",11
"Dianna Wilson",11
"Mike Kennedy",11
"Christine Abelman",11
"Doug O'Connell",11
"Jason Gross",11
"Harold Engle",11
"Christopher Conant",11
"Duane Huffman",11
"Toby Braunhardt",11
"Emily Burns",11
"Alex Avila",11
"Maya Herman",11
"Vicky Freymann",11
"Lindsay Williams",11
"Joni Wasserman",11
"Jas O'Carroll",11
"Michael Stewart",11
"Roy Französisch",11
"Erica Hernandez",11
"Hunter Glantz",11
"Matt Collins",11
"Gary McGarr",11
"Scot Coram",11
"John Lucas",11
"Robert Marley",11
"Mark Hamilton",11
"Eugene Barchas",11
"Duane Noonan",11
"Nicole Hansen",11
"Carl Weiss",11
"Greg Matthias",11
"Mike Caudle",11
"Rob Haberlin",11
"Meg O'Connel",11
"Michelle Tran",11
"Jim Sink",11
"Hunter Lopez",11
"Craig Yedwab",11
"Mike Vittorini",11
"Thomas Boland",11
"Jesus Ocampo",11
"Kelly Andreada",11
"Brian Stugart",11
"Joy Daniels",11
"Frank Gastineau",11
"Doug Bickford",11
"Tony Chapman",11
"Greg Maxwell",11
"Scot Wooten",10
"Phillip Flathmann",10
"Nora Paige",10
"Sibella Parks",10
"Justin Ritter",10
"Helen Abelman",10
"Bill Tyler",10
"Bradley Drucker",10
"Don Miller",10
"Philip Fox",10
"Candace McMahon",10
"Janet Lee",10
"Gary Hwang",10
"Mary Zewe",10
"Russell D'Ascenzo",10
"Shaun Chance",10
"Michael Nguyen",10
"Harold Pawlan",10
"Mark Cousins",10
"Eudokia Martin",10
"Katrina Willman",10
"Brendan Sweed",10
"Brendan Murry",10
"Trudy Glocke",10
"Rick Reed",10
"Maureen Gastineau",10
"Roy Collins",10
"Fred Chung",10
"Duane Benoit",10
"Ashley Jarboe",10
"Nancy Lomonaco",10
"Corinna Mitchell",10
"Phillina Ober",10
"Bradley Talbott",10
"Tom Ashbrook",10
"Michelle Huthwaite",10
"Jessica Myrick",10
"Karen Bern",10
"Carol Adams",10
"Bruce Degenhardt",10
"Tracy Collins",10
"Dorothy Wardle",10
"Karen Carlisle",10
"Bryan Davis",10
"Victoria Brennan",10
"Patrick Bzostek",10
"Pauline Johnson",10
"Aaron Smayling",10
"Harry Greene",10
"Tom Prescott",10
"Barry Franz",10
"Andy Yotov",10
"Meg Tillman",10
"Christopher Martinez",10
"Katherine Ducich",10
"Ben Wallace",10
"Mick Brown",10
"Sarah Jordon",10
"Olvera Toch",10
"Tracy Poddar",10
"Cathy Armstrong",10
"Dorothy Dickinson",9
"John Stevenson",9
"Ryan Akin",9
"Edward Nazzal",9
"Don Weiss",9
"Sharelle Roach",9
"Darrin Van Huff",9
"Cindy Schnelling",9
"Alex Grayson",9
"Chuck Magee",9
"Liz Pelletier",9
"Ken Brennan",9
"Mark Haberlin",9
"Giulietta Weimer",9
"David Wiener",9
"Toby Gnade",9
"Khloe Miller",9
"Sonia Sunley",9
"Valerie Takahito",9
"Noah Childs",9
"Julia Barnett",9
"Carlos Daly",9
"Shaun Weien",9
"Alyssa Tate",9
"Julie Creighton",9
"Jonathan Howell",9
"Tracy Zic",9
"Liz Carlisle",9
"Andy Gerbode",9
"Deanra Eno",9
"Ricardo Sperren",9
"Raymond Messe",9
"Nathan Gelder",9
"Zuschuss Donatelli",9
"Amy Cox",9
"Beth Thompson",9
"Rob Beeghly",9
"Sandra Flanagan",9
"Cindy Stewart",9
"Catherine Glotzbach",9
"Katrina Bavinger",9
"Richard Eichhorn",9
"Sara Luxemburg",9
"Dario Medina",9
"Andy Reiter",9
"Lori Olson",9
"Emily Grady",9
"Laurel Elliston",9
"John Grady",9
"Bill Shonely",9
"Bill Eplett",9
"Thea Hudgings",9
"Juliana Krohn",9
"Vivian Mathis",8
"Kean Nguyen",8
"Vivek Gonzalez",8
"Maureen Fritzler",8
"Chris McAfee",8
"Yoseph Carroll",8
"Cari Sayre",8
"Joni Sundaresam",8
"Ed Jacobs",8
"Ann Blume",8
"Bryan Spruell",8
"Vivek Sundaresam",8
"Darren Koutras",8
"Charles Sheldon",8
"Dianna Arnett",8
"Brian DeCherney",8
"Erica Hackney",8
"Eva Jacobs",8
"Michael Dominguez",8
"Evan Henry",8
"Mike Gockenbach",8
"Erica Smith",8
"Denise Leinenbach",8
"Paul Lucas",8
"Alejandro Savely",8
"Brooke Gillingham",8
"Steve Carroll",8
"Anthony Witt",8
"Joni Blumstein",8
"Craig Leslie",8
"Matthew Clasen",8
"Rick Hansen",8
"Jill Stevenson",8
"Allen Goldenen",8
"Corey-Lock",8
"Doug Jacobs",8
"Neil Ducich",8
"Ellis Ballard",8
"Steven Ward",8
"Deirdre Greer",8
"Ralph Kennedy",8
"Benjamin Farhat",8
"John Huston",8
"Alan Haines",8
"Amy Hunt",8
"Barry Blumstein",8
"Toby Ritter",7
"Pete Armstrong",7
"Sonia Cooley",7
"Maureen Gnade",7
"Jennifer Halladay",7
"Debra Catini",7
"Roger Barcio",7
"Bruce Geld",7
"Jack Garza",7
"Henry MacAllister",7
"Lindsay Castell",7
"Joy Bell-",7
"Michael Grace",7
"Peter McVee",7
"Julia West",7
"Justin Ellison",7
"Troy Blackwell",7
"Sarah Bern",7
"Cari Schnelling",7
"Shirley Jackson",7
"Bobby Trafton",7
"Tom Stivers",7
"Eric Barreto",7
"Liz MacKendrick",7
"Pete Takahito",7
"Jill Matthias",7
"Chad Sievert",7
"Guy Thornton",7
"Evan Bailliet",7
"Barry Pond",7
"Allen Rosenblatt",7
"Nora Pelletier",7
"James Lanier",7
"Chad McGuire",7
"Scott Williamson",7
"Harold Dahlen",7
"Carl Ludwig",7
"Charles McCrossin",7
"MaryBeth Skach",7
"Thea Hendricks",7
"Lisa DeCherney",7
"John Dryer",7
"Kimberly Carter",7
"Andrew Roberts",7
"Art Foster",7
"Erin Creighton",7
"Eleni McCrary",7
"Cyra Reiten",7
"Ivan Gibson",7
"Robert Barroso",7
"Charlotte Melton",7
"Erica Bern",6
"Matt Hagelstein",6
"David Flashing",6
"Lisa Hazard",6
"Sally Matthias",6
"Giulietta Dortch",6
"Sean Wendt",6
"Michelle Ellison",6
"Stuart Van",6
"Vivek Grady",6
"Heather Jas",6
"Randy Bradley",6
"Dorris liebe",6
"Mathew Reese",6
"Chuck Sachs",6
"Dennis Bolton",6
"Julia Dunbar",6
"Lycoris Saunders",6
"Clay Rozendal",6
"Brad Norvell",6
"Erin Mull",6
"Aaron Bergman",6
"Craig Reiter",6
"Henia Zydlo",6
"Carol Darley",6
"Bart Folk",6
"Hilary Holden",6
"Jennifer Jackson",6
"Maria Zettner",6
"Grant Thornton",6
"Susan MacKendrick",6
"Eric Murdock",6
"Anna Chung",6
"Magdelene Morse",6
"Benjamin Patterson",6
"Shirley Schmidt",6
"Guy Phonely",5
"George Zrebassa",5
"Mary O'Rourke",5
"Liz Willingham",5
"Claire Gute",5
"Aleksandra Gannaway",5
"Pamela Coakley",5
"Susan Gilcrest",5
"Brian Derr",5
"Kelly Williams",5
"Alex Russell",5
"Stuart Calhoun",5
"Georgia Rosenberg",5
"Justin Hirsh",5
"Astrea Jones",5
"Peter Bühler",5
"Robert Dilbeck",5
"Victor Preis",5
"Bobby Elias",5
"Elpida Rittenbach",5
"Melanie Seite",5
"Kelly Collister",5
"Anthony Garverick",5
"Denny Joy",5
"Angele Hood",5
"David Kendrick",5
"Alyssa Crouse",5
"Sally Knutson",5
"Paul MacIntyre",4
"David Philippe",4
"Tony Molinari",4
"Theresa Coyne",4
"Sung Chung",4
"Ralph Ritter",4
"Cathy Hwang",4
"Jason Klamczynski",4
"Michelle Lonsdale",4
"Karen Seio",4
"Michael Oakman",4
"Clay Cheatham",4
"Neil Französisch",4
"Ionia McGrath",4
"Eileen Kiefer",4
"Evan Minnotte",4
"Jasper Cacioppo",4
"Beth Fritzler",4
"Brendan Dodson",4
"Thomas Brumley",4
"Corey Roper",4
"Carlos Meador",4
"Jenna Caffey",4
"Joel Jenkins",3
"Brad Thomas",3
"Adrian Shami",3
"Roy Skaria",3
"Larry Blacks",3
"Gene Hale",3
"Ritsa Hightower",3
"Larry Tron",3
"Pauline Chand",3
"Mitch Willingham",3
"Jim Radford",3
"Tim Taslimi",3
"Larry Hughes",3
"Greg Hansen",3
"Paul Knutson",3
"Muhammed Lee",3
"Fred Wasserman",3
"Barry Weirich",3
"Bobby Odegard",2
"Phillip Breyer",2
"Mitch Gastineau",2
"Roland Murray",2
"Nicole Brennan",2
"Thais Sissman",2
"Anemone Ratner",2
"Patricia Hirasaki",2
"Stefanie Holloman",2
"Ed Ludwig",2
"Carl Jackson",1
"Ricardo Emerson",1
"Lela Donovan",1
"Jocasta Rupert",1
"Anthony O'Donnell",1
